{
    "mavpackettype": "AHRS",
    "omegaIx": 0.0010826399084180593,
    "omegaIy": -0.005736022721976042,
    "omegaIz": -0.003939421381801367,
    "accel_weight": 0.0,
    "renorm_val": 0.0,
    "error_rp": 0.00046476261923089623,
    "error_yaw": 0.0040576341561973095
}