{
    "mavpackettype": "AHRS",
    "omegaIx": 0.0010422304039821029,
    "omegaIy": -0.005599392112344503,
    "omegaIz": -0.004005561117082834,
    "accel_weight": 0.0,
    "renorm_val": 0.0,
    "error_rp": 0.00037394536775536835,
    "error_yaw": 0.0063170697540044785
}