{
    "mavpackettype": "AHRS",
    "omegaIx": 0.0010751993395388126,
    "omegaIy": -0.0057221632450819016,
    "omegaIz": -0.0040241507813334465,
    "accel_weight": 0.0,
    "renorm_val": 0.0,
    "error_rp": 0.00037509662797674537,
    "error_yaw": 0.005201828666031361
}