{
    "mavpackettype": "ATTITUDE",
    "time_boot_ms": 1126121,
    "roll": -0.02393071912229061,
    "pitch": -0.009626714512705803,
    "yaw": -0.6213866472244263,
    "rollspeed": 0.0002429705928079784,
    "pitchspeed": -0.001060765702277422,
    "yawspeed": 0.0003086943179368973
}