{
    "mavpackettype": "ATTITUDE",
    "time_boot_ms": 1204121,
    "roll": -0.023716164752840996,
    "pitch": -0.009836998768150806,
    "yaw": -0.6243894100189209,
    "rollspeed": -0.00022040540352463722,
    "pitchspeed": 1.8705613911151886e-06,
    "yawspeed": -0.0005468511953949928
}