{
    "mavpackettype": "ATTITUDE",
    "time_boot_ms": 1417621,
    "roll": -0.0209793858230114,
    "pitch": -0.009706348180770874,
    "yaw": -0.6241453886032104,
    "rollspeed": -0.0002479030517861247,
    "pitchspeed": 0.0007009562104940414,
    "yawspeed": -3.220280632376671e-05
}